,Model,Score
0,LR,0.6687163720215219
1,SVM,0.6687163720215219
2,NB,0.6687163720215219
