,Model,Score
0,LR,0.668716372
1,SVM,0.662106072
2,NB,0.363873943
